﻿{
   "CodeGenerationMode": 2,
   "ContextClassName": "MusicContext",
   "ContextNamespace": null,
   "DefaultDacpacSchema": null,
   "FilterSchemas": false,
   "IncludeConnectionString": false,
   "ModelNamespace": null,
   "OutputContextPath": "Database",
   "OutputPath": "Models",
   "PreserveCasingWithRegex": true,
   "ProjectRootNamespace": "CleanArchitecture.Infrastructure",
   "Schemas": null,
   "SelectedHandlebarsLanguage": 0,
   "SelectedToBeGenerated": 1,
   "Tables": [
      {
         "Name": "[dbo].[Albums]",
         "ObjectType": 0
      },
      {
         "Name": "[dbo].[Artists]",
         "ObjectType": 0
      },
      {
         "Name": "[dbo].[Genres]",
         "ObjectType": 0
      }
   ],
   "UiHint": "DESKTOP-F4KCCMV.Music",
   "UseBoolPropertiesWithoutDefaultSql": false,
   "UseDatabaseNames": false,
   "UseDbContextSplitting": false,
   "UseFluentApiOnly": true,
   "UseHandleBars": false,
   "UseHierarchyId": false,
   "UseInflector": false,
   "UseLegacyPluralizer": false,
   "UseManyToManyEntity": false,
   "UseNoConstructor": false,
   "UseNoDefaultConstructor": false,
   "UseNoNavigations": false,
   "UseNoObjectFilter": false,
   "UseNodaTime": false,
   "UseNullableReferences": false,
   "UseSchemaFolders": false,
   "UseSpatial": false,
   "UseT4": false
}